order_id,customer_id,order_date,product_category,product_name,sales,quantity,region
1001,302,2023-01-01,Electronics,Item_B,2655.08,1,West
1002,379,2023-01-02,Home,Item_C,411.84,2,East
1003,292,2023-01-03,Groceries,Item_B,4173.73,2,South
1004,214,2023-01-04,Clothing,Item_B,3034.99,3,East
1005,306,2023-01-05,Electronics,Item_B,663.17,6,South
1006,271,2023-01-06,Beauty,Item_A,559.9,1,East
1007,388,2023-01-07,Home,Item_B,4557.17,2,North
1008,220,2023-01-08,Clothing,Item_A,3379.08,1,East
1009,302,2023-01-09,Clothing,Item_D,4163.51,5,North
1010,321,2023-01-10,Groceries,Item_C,4407.0,7,North
1011,274,2023-01-11,Groceries,Item_A,2901.68,8,West
1012,287,2023-01-12,Beauty,Item_D,2635.49,1,North
1013,316,2023-01-13,Beauty,Item_A,2209.09,7,South
1014,299,2023-01-14,Electronics,Item_A,1653.04,5,West
1015,303,2023-01-15,Electronics,Item_C,2229.52,1,West
1016,351,2023-01-16,Beauty,Item_E,3892.01,3,East
1017,330,2023-01-17,Beauty,Item_E,3049.42,7,North
1018,349,2023-01-18,Home,Item_A,4473.36,1,North
1019,252,2023-01-19,Groceries,Item_B,2272.56,7,South
1020,201,2023-01-20,Electronics,Item_D,3074.74,5,East
1021,287,2023-01-21,Groceries,Item_B,3193.41,1,East
1022,357,2023-01-22,Groceries,Item_B,2999.32,1,West
1023,237,2023-01-23,Beauty,Item_A,3542.91,1,West
1024,329,2023-01-24,Home,Item_A,1263.42,9,West
1025,391,2023-01-25,Clothing,Item_A,2610.58,3,South
1026,387,2023-01-26,Home,Item_A,610.7,5,South
1027,220,2023-01-27,Home,Item_E,1984.11,9,West
1028,360,2023-01-28,Groceries,Item_A,2489.57,6,East
1029,257,2023-01-29,Home,Item_E,3295.9,9,South
1030,221,2023-01-30,Electronics,Item_E,4757.6,8,East
1031,288,2023-01-31,Groceries,Item_A,3043.19,8,East
1032,248,2023-02-01,Electronics,Item_C,3743.61,1,North
1033,258,2023-02-02,Clothing,Item_D,2580.7,9,West
1034,369,2023-02-03,Groceries,Item_B,3207.11,6,North
1035,387,2023-02-04,Clothing,Item_E,447.57,9,West
1036,214,2023-02-05,Groceries,Item_D,1346.52,3,West
1037,389,2023-02-06,Beauty,Item_C,1873.08,3,East
1038,389,2023-02-07,Home,Item_B,2415.22,6,West
1039,374,2023-02-08,Beauty,Item_B,323.68,9,East
1040,389,2023-02-09,Clothing,Item_E,786.12,7,East
1041,250,2023-02-10,Home,Item_A,1456.39,3,West
1042,307,2023-02-11,Groceries,Item_C,4860.51,3,East
1043,254,2023-02-12,Home,Item_E,1723.6,2,East
1044,263,2023-02-13,Electronics,Item_C,2462.0,9,East
1045,330,2023-02-14,Home,Item_A,1060.88,3,South
1046,250,2023-02-15,Electronics,Item_A,3092.82,5,East
1047,334,2023-02-16,Home,Item_E,1475.35,9,South
1048,220,2023-02-17,Electronics,Item_A,1114.26,8,South
1049,272,2023-02-18,Clothing,Item_D,2631.21,2,East
1050,366,2023-02-19,Beauty,Item_B,126.98,3,East
1051,217,2023-02-20,Groceries,Item_E,137.55,2,South
1052,331,2023-02-21,Home,Item_C,1173.44,8,South
1053,288,2023-02-22,Beauty,Item_D,279.93,6,East
1054,259,2023-02-23,Groceries,Item_E,629.33,6,East
1055,213,2023-02-24,Groceries,Item_A,1760.42,9,West
1056,208,2023-02-25,Electronics,Item_A,4032.67,8,South
1057,289,2023-02-26,Clothing,Item_A,2903.04,4,South
1058,252,2023-02-27,Clothing,Item_A,2612.07,4,West
1059,329,2023-02-28,Beauty,Item_C,1538.1,9,South
1060,283,2023-03-01,Clothing,Item_D,4665.59,1,North
1061,291,2023-03-02,Home,Item_B,2045.37,2,South
1062,310,2023-03-03,Clothing,Item_C,526.75,2,West
1063,387,2023-03-04,Beauty,Item_C,3123.63,6,North
1064,398,2023-03-05,Clothing,Item_B,657.81,4,East
1065,371,2023-03-06,Home,Item_B,1791.59,3,West
1066,207,2023-03-07,Electronics,Item_A,2586.32,3,West
1067,374,2023-03-08,Beauty,Item_C,4383.69,3,East
1068,234,2023-03-09,Electronics,Item_E,2518.38,6,West
1069,280,2023-03-10,Electronics,Item_B,3541.07,8,South
1070,363,2023-03-11,Electronics,Item_B,4964.8,7,East
1071,249,2023-03-12,Groceries,Item_D,744.3,4,West
1072,303,2023-03-13,Groceries,Item_E,1446.18,4,East
1073,331,2023-03-14,Electronics,Item_E,2033.42,2,East
1074,201,2023-03-15,Beauty,Item_B,2166.96,1,East
1075,333,2023-03-16,Home,Item_A,2114.0,9,North
1076,253,2023-03-17,Home,Item_D,4547.29,2,West
1077,305,2023-03-18,Clothing,Item_E,3598.76,8,North
1078,203,2023-03-19,Beauty,Item_B,3078.74,9,West
1079,253,2023-03-20,Groceries,Item_E,1615.93,4,South
1080,390,2023-03-21,Electronics,Item_D,4136.57,8,South
1081,345,2023-03-22,Clothing,Item_D,4779.8,9,South
1082,243,2023-03-23,Home,Item_C,4123.87,5,West
1083,361,2023-03-24,Groceries,Item_B,107.67,7,East
1084,389,2023-03-25,Groceries,Item_D,3218.37,4,East
1085,213,2023-03-26,Electronics,Item_C,350.56,1,North
1086,294,2023-03-27,Home,Item_C,1362.28,3,North
1087,247,2023-03-28,Beauty,Item_E,391.67,5,South
1088,214,2023-03-29,Groceries,Item_E,3058.6,3,North
1089,399,2023-03-30,Electronics,Item_C,3464.29,7,West
1090,389,2023-03-31,Beauty,Item_E,660.99,9,West
1091,239,2023-04-01,Home,Item_D,1980.81,6,North
1092,281,2023-04-02,Groceries,Item_A,2335.56,1,North
1093,310,2023-04-03,Beauty,Item_D,1908.36,7,North
1094,252,2023-04-04,Beauty,Item_C,693.02,3,North
1095,223,2023-04-05,Beauty,Item_C,2152.84,5,South
1096,353,2023-04-06,Groceries,Item_D,3780.77,4,South
1097,387,2023-04-07,Groceries,Item_E,447.94,5,North
1098,323,2023-04-08,Clothing,Item_E,492.88,5,West
1099,240,2023-04-09,Home,Item_C,1838.38,6,South
1100,356,2023-04-10,Electronics,Item_B,4714.46,6,West
1101,214,2023-04-11,Beauty,Item_E,3376.01,8,East
1102,244,2023-04-12,Clothing,Item_D,3425.48,8,West
1103,264,2023-04-13,Electronics,Item_E,1873.41,9,North
1104,288,2023-04-14,Clothing,Item_D,3008.94,8,East
1105,270,2023-04-15,Groceries,Item_C,149.64,2,South
1106,208,2023-04-16,Beauty,Item_E,3216.87,1,South
1107,287,2023-04-17,Electronics,Item_D,4575.11,2,East
1108,328,2023-04-18,Electronics,Item_C,3101.61,2,West
1109,335,2023-04-19,Electronics,Item_B,4381.12,3,South
1110,262,2023-04-20,Electronics,Item_D,3647.47,7,North
1111,338,2023-04-21,Electronics,Item_B,690.74,2,East
1112,280,2023-04-22,Clothing,Item_B,4522.02,1,North
1113,335,2023-04-23,Beauty,Item_A,425.57,6,East
1114,362,2023-04-24,Groceries,Item_E,2716.44,9,South
1115,362,2023-04-25,Groceries,Item_D,796.47,3,West
1116,232,2023-04-26,Groceries,Item_B,157.36,6,East
1117,322,2023-04-27,Groceries,Item_A,2167.97,3,East
1118,204,2023-04-28,Clothing,Item_C,1545.7,1,North
1119,240,2023-04-29,Home,Item_D,2481.4,5,South
1120,227,2023-04-30,Beauty,Item_B,2928.28,4,North
1121,334,2023-05-01,Electronics,Item_E,314.32,7,South
1122,271,2023-05-02,Home,Item_A,702.72,6,North
1123,211,2023-05-03,Groceries,Item_B,2837.35,7,East
1124,361,2023-05-04,Home,Item_E,1781.52,5,North
1125,232,2023-05-05,Beauty,Item_B,3672.95,4,West
1126,247,2023-05-06,Electronics,Item_D,3296.23,7,South
1127,350,2023-05-07,Electronics,Item_D,4243.46,7,South
1128,261,2023-05-08,Beauty,Item_D,3493.21,6,East
1129,236,2023-05-09,Beauty,Item_A,2206.66,8,South
1130,298,2023-05-10,Groceries,Item_D,3397.54,4,West
1131,371,2023-05-11,Electronics,Item_E,1449.37,5,North
1132,303,2023-05-12,Home,Item_B,1600.94,4,East
1133,234,2023-05-13,Clothing,Item_C,3966.03,1,West
1134,392,2023-05-14,Clothing,Item_E,2287.46,8,South
1135,300,2023-05-15,Beauty,Item_E,4012.06,1,South
1136,374,2023-05-16,Groceries,Item_D,4129.87,5,West
1137,330,2023-05-17,Clothing,Item_A,4302.06,6,North
1138,200,2023-05-18,Electronics,Item_B,4591.51,6,North
1139,204,2023-05-19,Beauty,Item_A,2211.83,5,East
1140,341,2023-05-20,Home,Item_B,1662.45,3,South
1141,302,2023-05-21,Beauty,Item_B,2952.77,5,West
1142,226,2023-05-22,Home,Item_A,1918.74,8,North
1143,336,2023-05-23,Beauty,Item_E,3045.26,2,East
1144,214,2023-05-24,Beauty,Item_B,3557.37,6,South
1145,289,2023-05-25,Beauty,Item_A,3473.18,9,South
1146,241,2023-05-26,Home,Item_B,1935.31,8,East
1147,323,2023-05-27,Home,Item_C,917.61,8,East
1148,378,2023-05-28,Beauty,Item_E,2209.59,8,North
1149,262,2023-05-29,Clothing,Item_D,798.71,7,West
1150,295,2023-05-30,Groceries,Item_B,4461.48,8,South
1151,251,2023-05-31,Groceries,Item_C,1794.8,6,West
1152,295,2023-06-01,Groceries,Item_D,856.85,2,South
1153,331,2023-06-02,Home,Item_D,224.69,2,South
1154,350,2023-06-03,Home,Item_B,3264.53,8,West
1155,342,2023-06-04,Clothing,Item_A,3220.82,1,East
1156,370,2023-06-05,Groceries,Item_B,1768.96,6,North
1157,228,2023-06-06,Groceries,Item_C,451.39,6,South
1158,235,2023-06-07,Beauty,Item_D,2107.18,4,East
1159,212,2023-06-08,Home,Item_B,1624.97,3,South
1160,359,2023-06-09,Groceries,Item_A,3417.89,3,North
1161,270,2023-06-10,Clothing,Item_B,3068.32,1,South
1162,386,2023-06-11,Clothing,Item_E,1886.51,3,North
1163,285,2023-06-12,Groceries,Item_A,1167.67,4,North
1164,227,2023-06-13,Home,Item_C,4941.38,5,South
1165,265,2023-06-14,Clothing,Item_D,2324.61,3,South
1166,369,2023-06-15,Beauty,Item_B,3472.54,6,North
1167,244,2023-06-16,Clothing,Item_A,788.71,5,East
1168,261,2023-06-17,Electronics,Item_E,2479.39,3,West
1169,384,2023-06-18,Electronics,Item_A,234.93,6,North
1170,333,2023-06-19,Home,Item_E,2576.73,6,South
1171,227,2023-06-20,Groceries,Item_C,4823.69,8,South
1172,227,2023-06-21,Home,Item_D,1982.61,2,East
1173,307,2023-06-22,Home,Item_C,291.08,1,West
1174,243,2023-06-23,Home,Item_B,251.68,4,North
1175,283,2023-06-24,Home,Item_A,2001.14,7,North
1176,229,2023-06-25,Beauty,Item_E,884.12,3,West
1177,389,2023-06-26,Beauty,Item_E,214.43,3,North
1178,274,2023-06-27,Clothing,Item_A,3805.45,5,West
1179,327,2023-06-28,Electronics,Item_A,2346.76,5,South
1180,291,2023-06-29,Home,Item_B,1517.3,3,West
1181,389,2023-06-30,Clothing,Item_C,4510.41,9,North
1182,328,2023-07-01,Electronics,Item_E,669.08,4,West
1183,320,2023-07-02,Groceries,Item_B,4784.0,3,East
1184,226,2023-07-03,Beauty,Item_C,1638.44,2,South
1185,389,2023-07-04,Electronics,Item_B,4453.18,9,South
1186,320,2023-07-05,Groceries,Item_E,3054.42,4,West
1187,315,2023-07-06,Electronics,Item_A,4150.87,3,North
1188,202,2023-07-07,Beauty,Item_A,4921.66,7,East
1189,302,2023-07-08,Beauty,Item_C,1513.19,8,South
1190,397,2023-07-09,Clothing,Item_D,4809.56,2,South
1191,399,2023-07-10,Home,Item_C,2008.46,7,North
1192,354,2023-07-11,Electronics,Item_D,1989.01,5,North
1193,336,2023-07-12,Electronics,Item_B,1767.9,5,East
1194,261,2023-07-13,Groceries,Item_B,2752.9,3,West
1195,364,2023-07-14,Beauty,Item_E,855.31,5,North
1196,250,2023-07-15,Electronics,Item_D,2813.19,2,West
1197,371,2023-07-16,Beauty,Item_E,2754.35,4,East
1198,351,2023-07-17,Electronics,Item_A,3833.32,6,West
1199,258,2023-07-18,Clothing,Item_D,4184.88,1,South
1200,317,2023-07-19,Home,Item_C,2258.16,4,West
1201,359,2023-07-20,Electronics,Item_A,1581.43,6,East
1202,295,2023-07-21,Beauty,Item_A,1370.74,9,East
1203,379,2023-07-22,Clothing,Item_C,1053.66,2,East
1204,312,2023-07-23,Electronics,Item_A,382.47,7,West
1205,261,2023-07-24,Groceries,Item_D,1778.0,6,South
1206,385,2023-07-25,Home,Item_E,1424.21,2,North
1207,251,2023-07-26,Electronics,Item_A,4835.45,8,South
1208,211,2023-07-27,Clothing,Item_D,2832.77,7,West
1209,238,2023-07-28,Groceries,Item_B,1801.66,5,West
1210,329,2023-07-29,Clothing,Item_D,2944.29,5,North
1211,330,2023-07-30,Clothing,Item_E,782.06,7,West
1212,312,2023-07-31,Groceries,Item_D,2275.81,9,East
1213,300,2023-08-01,Clothing,Item_C,3168.55,9,East
1214,312,2023-08-02,Groceries,Item_E,2495.6,9,East
1215,383,2023-08-03,Electronics,Item_B,2068.72,6,East
1216,280,2023-08-04,Groceries,Item_C,4969.86,6,East
1217,386,2023-08-05,Groceries,Item_D,4413.54,3,West
1218,312,2023-08-06,Home,Item_E,3154.69,1,North
1219,201,2023-08-07,Groceries,Item_B,2889.95,7,North
1220,329,2023-08-08,Groceries,Item_C,3141.24,4,East
1221,253,2023-08-09,Electronics,Item_B,1086.43,1,West
1222,286,2023-08-10,Home,Item_D,2036.17,8,South
1223,328,2023-08-11,Beauty,Item_B,293.35,6,South
1224,346,2023-08-12,Electronics,Item_A,2430.18,6,West
1225,325,2023-08-13,Electronics,Item_C,2760.82,2,East
1226,329,2023-08-14,Beauty,Item_B,1215.97,1,North
1227,252,2023-08-15,Groceries,Item_D,4823.74,2,West
1228,371,2023-08-16,Clothing,Item_D,4556.33,4,South
1229,359,2023-08-17,Home,Item_B,3638.5,2,South
1230,397,2023-08-18,Clothing,Item_D,2713.59,1,South
1231,359,2023-08-19,Beauty,Item_E,4362.85,7,East
1232,267,2023-08-20,Electronics,Item_E,740.2,8,South
1233,382,2023-08-21,Electronics,Item_E,3973.5,6,West
1234,383,2023-08-22,Home,Item_A,711.62,4,West
1235,322,2023-08-23,Electronics,Item_B,3991.63,6,South
1236,344,2023-08-24,Electronics,Item_A,1451.26,3,West
1237,237,2023-08-25,Home,Item_D,4397.74,8,South
1238,223,2023-08-26,Home,Item_A,4725.81,2,South
1239,268,2023-08-27,Beauty,Item_D,829.1,5,North
1240,315,2023-08-28,Electronics,Item_D,2367.11,1,East
1241,297,2023-08-29,Electronics,Item_C,4906.84,6,East
1242,397,2023-08-30,Beauty,Item_E,2468.7,2,North
1243,338,2023-08-31,Groceries,Item_D,4331.38,4,North
1244,343,2023-09-01,Groceries,Item_C,2984.78,6,East
1245,296,2023-09-02,Groceries,Item_E,1939.12,8,South
1246,323,2023-09-03,Beauty,Item_D,1500.34,8,South
1247,386,2023-09-04,Electronics,Item_D,1095.79,6,East
1248,269,2023-09-05,Beauty,Item_A,3832.81,4,South
1249,292,2023-09-06,Beauty,Item_A,1994.05,8,North
1250,202,2023-09-07,Groceries,Item_E,2605.25,8,South
1251,347,2023-09-08,Clothing,Item_D,2512.39,1,South
1252,386,2023-09-09,Electronics,Item_B,2928.67,4,West
1253,363,2023-09-10,Groceries,Item_A,4341.33,4,West
1254,346,2023-09-11,Clothing,Item_E,4905.62,7,West
1255,289,2023-09-12,Clothing,Item_D,2097.16,7,South
1256,394,2023-09-13,Home,Item_D,4154.84,8,East
1257,346,2023-09-14,Electronics,Item_B,3846.19,5,North
1258,347,2023-09-15,Clothing,Item_E,2910.29,7,South
1259,295,2023-09-16,Groceries,Item_D,4784.63,8,East
1260,398,2023-09-17,Home,Item_A,1082.33,9,South
1261,251,2023-09-18,Electronics,Item_B,635.39,3,North
1262,360,2023-09-19,Beauty,Item_E,4284.41,3,South
1263,367,2023-09-20,Groceries,Item_B,2251.83,4,North
1264,327,2023-09-21,Clothing,Item_A,4250.15,5,South
1265,238,2023-09-22,Clothing,Item_E,4476.14,1,North
1266,281,2023-09-23,Groceries,Item_B,406.04,7,South
1267,303,2023-09-24,Clothing,Item_C,4428.98,9,North
1268,328,2023-09-25,Home,Item_A,2296.76,8,West
1269,210,2023-09-26,Electronics,Item_A,2601.12,5,South
1270,384,2023-09-27,Home,Item_A,3170.3,4,South
1271,377,2023-09-28,Clothing,Item_C,4639.27,7,East
1272,350,2023-09-29,Beauty,Item_C,193.67,5,East
1273,358,2023-09-30,Electronics,Item_D,2436.53,7,North
1274,241,2023-10-01,Electronics,Item_B,3469.84,1,South
1275,298,2023-10-02,Groceries,Item_D,3641.26,1,North
1276,206,2023-10-03,Groceries,Item_B,3493.41,3,West
1277,343,2023-10-04,Beauty,Item_C,758.73,2,East
1278,289,2023-10-05,Electronics,Item_C,1567.04,2,North
1279,311,2023-10-06,Beauty,Item_D,1857.71,7,North
1280,259,2023-10-07,Groceries,Item_E,4041.74,2,East
1281,312,2023-10-08,Groceries,Item_D,1465.92,4,South
1282,201,2023-10-09,Electronics,Item_B,1132.45,2,North
1283,328,2023-10-10,Home,Item_D,4791.5,6,East
1284,247,2023-10-11,Clothing,Item_A,143.43,8,South
1285,339,2023-10-12,Groceries,Item_B,4989.32,4,West
1286,396,2023-10-13,Groceries,Item_B,3416.42,5,East
1287,236,2023-10-14,Home,Item_E,4159.5,4,North
1288,359,2023-10-15,Home,Item_C,1543.64,3,West
1289,208,2023-10-16,Beauty,Item_B,170.14,5,South
1290,298,2023-10-17,Beauty,Item_C,3715.56,9,South
1291,346,2023-10-18,Clothing,Item_D,4187.31,8,East
1292,247,2023-10-19,Clothing,Item_A,3728.33,8,East
1293,330,2023-10-20,Electronics,Item_E,799.97,8,East
1294,347,2023-10-21,Beauty,Item_C,3791.8,8,South
1295,351,2023-10-22,Groceries,Item_B,3867.72,7,West
1296,253,2023-10-23,Beauty,Item_C,3326.85,8,South
1297,319,2023-10-24,Groceries,Item_B,3853.97,8,North
1298,360,2023-10-25,Home,Item_C,4245.02,8,South
1299,351,2023-10-26,Beauty,Item_B,3106.66,7,North
1300,315,2023-10-27,Home,Item_D,534.16,1,West
1301,274,2023-10-28,Clothing,Item_B,2489.38,4,East
1302,312,2023-10-29,Clothing,Item_B,480.48,4,East
1303,399,2023-10-30,Electronics,Item_A,2096.96,5,South
1304,363,2023-10-31,Beauty,Item_B,2094.82,6,East
1305,365,2023-11-01,Home,Item_A,423.45,4,West
1306,303,2023-11-02,Groceries,Item_E,1809.22,2,East
1307,283,2023-11-03,Clothing,Item_A,643.89,6,South
1308,311,2023-11-04,Clothing,Item_D,4060.35,8,West
1309,298,2023-11-05,Groceries,Item_A,4743.67,8,North
1310,352,2023-11-06,Home,Item_E,454.35,7,South
1311,292,2023-11-07,Home,Item_D,4780.06,6,North
1312,345,2023-11-08,Beauty,Item_C,2660.63,2,West
1313,327,2023-11-09,Beauty,Item_C,1567.87,7,South
1314,309,2023-11-10,Electronics,Item_A,476.62,5,South
1315,281,2023-11-11,Clothing,Item_A,2553.06,6,West
1316,393,2023-11-12,Beauty,Item_E,3993.13,8,East
1317,253,2023-11-13,Home,Item_E,3564.72,8,South
1318,362,2023-11-14,Groceries,Item_B,346.11,3,South
1319,388,2023-11-15,Home,Item_E,457.22,7,North
1320,368,2023-11-16,Clothing,Item_B,2074.08,1,East
1321,360,2023-11-17,Home,Item_D,1546.92,1,North
1322,267,2023-11-18,Electronics,Item_A,1238.68,7,North
1323,232,2023-11-19,Clothing,Item_D,1476.92,9,East
1324,341,2023-11-20,Groceries,Item_E,4037.07,7,East
1325,220,2023-11-21,Electronics,Item_D,4653.22,5,West
1326,247,2023-11-22,Clothing,Item_D,2085.0,8,East
1327,347,2023-11-23,Groceries,Item_D,4539.94,2,South
1328,327,2023-11-24,Electronics,Item_E,1675.33,9,East
1329,335,2023-11-25,Electronics,Item_D,2434.54,6,West
1330,334,2023-11-26,Clothing,Item_B,1207.54,9,West
1331,394,2023-11-27,Beauty,Item_E,3238.33,2,West
1332,344,2023-11-28,Electronics,Item_D,4897.01,3,East
1333,327,2023-11-29,Electronics,Item_E,3057.12,8,East
1334,232,2023-11-30,Groceries,Item_C,1853.29,1,North
1335,375,2023-12-01,Home,Item_B,3274.31,7,North
1336,386,2023-12-02,Clothing,Item_D,702.31,7,South
1337,314,2023-12-03,Clothing,Item_C,4454.43,1,North
1338,318,2023-12-04,Beauty,Item_C,2565.11,9,South
1339,221,2023-12-05,Beauty,Item_E,2301.81,8,West
1340,357,2023-12-06,Clothing,Item_C,2970.74,4,North
1341,237,2023-12-07,Beauty,Item_B,3161.44,5,East
1342,308,2023-12-08,Groceries,Item_B,451.7,2,North
1343,250,2023-12-09,Clothing,Item_A,3444.82,9,South
1344,381,2023-12-10,Beauty,Item_B,1285.47,6,North
1345,207,2023-12-11,Clothing,Item_C,3598.37,3,West
1346,226,2023-12-12,Home,Item_B,4130.42,7,East
1347,226,2023-12-13,Electronics,Item_E,4039.4,9,South
1348,220,2023-12-14,Clothing,Item_A,2807.25,3,East
1349,229,2023-12-15,Electronics,Item_C,2648.83,2,East
1350,296,2023-12-16,Beauty,Item_A,800.09,7,South
1351,227,2023-12-17,Electronics,Item_C,3899.2,7,East
1352,310,2023-12-18,Clothing,Item_E,1429.91,4,East
1353,391,2023-12-19,Home,Item_A,2533.81,9,North
1354,396,2023-12-20,Beauty,Item_D,1492.94,8,East
1355,260,2023-12-21,Clothing,Item_C,755.76,1,East
1356,247,2023-12-22,Beauty,Item_D,3184.83,1,East
1357,346,2023-12-23,Groceries,Item_A,366.23,5,East
1358,203,2023-12-24,Electronics,Item_D,3768.36,6,South
1359,234,2023-12-25,Groceries,Item_D,1656.18,3,West
1360,391,2023-12-26,Clothing,Item_A,100.66,9,North
1361,248,2023-12-27,Home,Item_E,2604.53,6,East
1362,216,2023-12-28,Beauty,Item_D,329.57,4,East
1363,371,2023-12-29,Electronics,Item_D,1453.23,7,South
1364,357,2023-12-30,Beauty,Item_E,3564.18,8,West
1365,245,2023-12-31,Clothing,Item_D,407.18,9,East
1366,316,2024-01-01,Beauty,Item_D,4212.76,6,South
1367,205,2024-01-02,Electronics,Item_D,118.72,6,North
1368,298,2024-01-03,Clothing,Item_B,1309.44,8,North
1369,323,2024-01-04,Beauty,Item_E,3730.43,5,East
1370,236,2024-01-05,Home,Item_D,1649.72,3,East
1371,223,2024-01-06,Clothing,Item_E,599.27,3,West
1372,292,2024-01-07,Clothing,Item_C,1865.15,6,West
1373,245,2024-01-08,Home,Item_C,1424.93,2,East
1374,380,2024-01-09,Groceries,Item_D,4229.29,6,South
1375,294,2024-01-10,Electronics,Item_E,1635.4,6,West
1376,298,2024-01-11,Groceries,Item_E,3965.77,8,East
1377,387,2024-01-12,Beauty,Item_E,4470.17,7,West
1378,315,2024-01-13,Home,Item_B,2225.71,8,East
1379,390,2024-01-14,Groceries,Item_C,4558.72,9,North
1380,359,2024-01-15,Clothing,Item_E,1948.86,6,East
1381,360,2024-01-16,Beauty,Item_E,4823.98,3,North
1382,266,2024-01-17,Beauty,Item_B,537.52,3,West
1383,327,2024-01-18,Groceries,Item_B,3466.39,1,East
1384,217,2024-01-19,Groceries,Item_E,2519.69,5,West
1385,224,2024-01-20,Home,Item_A,1999.48,4,North
1386,253,2024-01-21,Electronics,Item_E,3200.29,9,East
1387,257,2024-01-22,Groceries,Item_E,3548.9,9,West
1388,266,2024-01-23,Groceries,Item_B,121.38,5,North
1389,303,2024-01-24,Clothing,Item_B,918.07,4,West
1390,373,2024-01-25,Beauty,Item_E,3593.93,7,South
1391,223,2024-01-26,Electronics,Item_E,3365.29,6,North
1392,313,2024-01-27,Clothing,Item_E,4833.63,4,North
1393,231,2024-01-28,Home,Item_B,3829.09,2,North
1394,374,2024-01-29,Home,Item_E,4758.79,1,East
1395,285,2024-01-30,Groceries,Item_E,3542.45,4,East
1396,350,2024-01-31,Groceries,Item_D,1560.46,4,East
1397,393,2024-02-01,Home,Item_A,616.29,1,South
1398,326,2024-02-02,Groceries,Item_C,3930.94,6,South
1399,354,2024-02-03,Electronics,Item_A,3256.33,4,North
1400,329,2024-02-04,Groceries,Item_D,336.11,1,South
1401,216,2024-02-05,Beauty,Item_C,1864.25,1,West
1402,303,2024-02-06,Groceries,Item_E,4788.32,1,North
1403,360,2024-02-07,Clothing,Item_D,2551.97,8,North
1404,336,2024-02-08,Electronics,Item_E,2220.37,8,West
1405,242,2024-02-09,Clothing,Item_B,2342.73,2,North
1406,375,2024-02-10,Clothing,Item_D,1123.53,7,South
1407,238,2024-02-11,Beauty,Item_B,1906.67,8,East
1408,369,2024-02-12,Electronics,Item_D,1912.08,8,West
1409,225,2024-02-13,Electronics,Item_D,356.54,7,South
1410,298,2024-02-14,Electronics,Item_B,3861.08,5,West
1411,249,2024-02-15,Electronics,Item_C,2140.87,1,West
1412,352,2024-02-16,Electronics,Item_A,4128.68,9,North
1413,351,2024-02-17,Beauty,Item_E,4266.71,7,North
1414,212,2024-02-18,Groceries,Item_D,1138.77,2,South
1415,259,2024-02-19,Clothing,Item_E,3321.03,6,West
1416,334,2024-02-20,Electronics,Item_B,2414.18,2,North
1417,256,2024-02-21,Groceries,Item_E,4412.77,1,North
1418,235,2024-02-22,Groceries,Item_B,1157.13,7,West
1419,372,2024-02-23,Clothing,Item_E,3421.28,2,South
1420,219,2024-02-24,Beauty,Item_A,3077.99,2,South
1421,264,2024-02-25,Home,Item_A,1546.98,5,West
1422,207,2024-02-26,Home,Item_A,769.34,5,South
1423,343,2024-02-27,Groceries,Item_A,3293.03,7,North
1424,341,2024-02-28,Clothing,Item_A,3719.13,1,West
1425,314,2024-02-29,Home,Item_A,1646.57,8,North
1426,342,2024-03-01,Groceries,Item_B,3259.68,3,East
1427,291,2024-03-02,Beauty,Item_D,2036.14,4,East
1428,297,2024-03-03,Home,Item_E,3594.71,9,South
1429,265,2024-03-04,Groceries,Item_A,1076.15,4,East
1430,231,2024-03-05,Groceries,Item_B,4462.05,5,North
1431,390,2024-03-06,Electronics,Item_B,1508.31,7,East
1432,285,2024-03-07,Beauty,Item_B,1902.15,4,North
1433,250,2024-03-08,Electronics,Item_D,384.65,1,South
1434,352,2024-03-09,Clothing,Item_E,646.41,9,South
1435,385,2024-03-10,Electronics,Item_D,2627.72,4,North
1436,262,2024-03-11,Electronics,Item_C,1411.2,9,East
1437,389,2024-03-12,Home,Item_B,4193.85,6,South
1438,324,2024-03-13,Groceries,Item_C,172.0,1,West
1439,349,2024-03-14,Beauty,Item_A,1957.56,3,South
1440,257,2024-03-15,Electronics,Item_A,1752.99,2,East
1441,257,2024-03-16,Beauty,Item_D,194.71,9,West
1442,285,2024-03-17,Electronics,Item_E,709.41,1,East
1443,248,2024-03-18,Clothing,Item_C,2126.85,9,North
1444,379,2024-03-19,Electronics,Item_E,2515.04,9,West
1445,369,2024-03-20,Home,Item_D,2081.02,8,East
1446,269,2024-03-21,Groceries,Item_A,2701.59,8,West
1447,214,2024-03-22,Clothing,Item_E,3016.15,1,East
1448,253,2024-03-23,Electronics,Item_E,148.63,8,West
1449,387,2024-03-24,Beauty,Item_A,2374.07,3,East
1450,300,2024-03-25,Clothing,Item_C,4821.15,7,North
1451,207,2024-03-26,Clothing,Item_A,2643.26,1,West
1452,252,2024-03-27,Electronics,Item_E,3419.96,1,West
1453,259,2024-03-28,Clothing,Item_C,1628.13,5,West
1454,307,2024-03-29,Beauty,Item_C,3892.56,5,West
1455,204,2024-03-30,Clothing,Item_A,3887.32,8,North
1456,302,2024-03-31,Beauty,Item_E,2654.35,7,West
1457,395,2024-04-01,Electronics,Item_D,4882.47,8,South
1458,205,2024-04-02,Groceries,Item_E,715.2,6,North
1459,308,2024-04-03,Clothing,Item_B,183.04,6,South
1460,315,2024-04-04,Groceries,Item_D,3873.78,2,West
1461,293,2024-04-05,Beauty,Item_C,4055.06,6,East
1462,246,2024-04-06,Clothing,Item_D,689.02,5,South
1463,298,2024-04-07,Home,Item_C,1401.36,3,West
1464,254,2024-04-08,Groceries,Item_C,186.01,6,South
1465,367,2024-04-09,Clothing,Item_D,1537.21,8,West
1466,251,2024-04-10,Groceries,Item_C,3888.4,9,West
1467,343,2024-04-11,Clothing,Item_C,2638.01,1,West
1468,212,2024-04-12,Electronics,Item_B,1805.67,3,East
1469,313,2024-04-13,Groceries,Item_E,1921.52,3,South
1470,323,2024-04-14,Home,Item_E,106.63,8,North
1471,305,2024-04-15,Home,Item_B,1569.02,1,North
1472,357,2024-04-16,Beauty,Item_D,3267.65,5,North
1473,346,2024-04-17,Clothing,Item_A,4873.55,3,North
1474,344,2024-04-18,Groceries,Item_A,4250.6,2,West
1475,319,2024-04-19,Beauty,Item_A,215.62,8,South
1476,262,2024-04-20,Groceries,Item_B,4502.95,3,South
1477,218,2024-04-21,Clothing,Item_B,3937.67,7,East
1478,291,2024-04-22,Home,Item_C,3923.84,1,South
1479,257,2024-04-23,Electronics,Item_A,2344.18,6,South
1480,382,2024-04-24,Home,Item_D,2050.23,3,South
1481,289,2024-04-25,Beauty,Item_D,1584.29,8,East
1482,316,2024-04-26,Electronics,Item_A,421.9,6,North
1483,261,2024-04-27,Beauty,Item_A,1218.35,2,South
1484,222,2024-04-28,Clothing,Item_A,1308.36,6,East
1485,326,2024-04-29,Electronics,Item_B,2471.98,7,East
1486,336,2024-04-30,Beauty,Item_B,3762.48,5,West
1487,339,2024-05-01,Clothing,Item_B,2421.67,3,East
1488,328,2024-05-02,Home,Item_E,383.44,4,North
1489,257,2024-05-03,Clothing,Item_D,4793.17,4,South
1490,321,2024-05-04,Groceries,Item_D,4719.35,6,East
1491,200,2024-05-05,Clothing,Item_C,3947.43,1,North
1492,233,2024-05-06,Clothing,Item_B,4957.51,4,East
1493,295,2024-05-07,Groceries,Item_E,2767.96,4,East
1494,325,2024-05-08,Beauty,Item_E,4817.56,1,East
1495,317,2024-05-09,Beauty,Item_D,470.46,9,East
1496,247,2024-05-10,Clothing,Item_B,1891.84,4,East
1497,288,2024-05-11,Groceries,Item_C,1204.37,7,North
1498,316,2024-05-12,Groceries,Item_B,1059.58,3,South
1499,328,2024-05-13,Home,Item_A,789.93,3,South
1500,215,2024-05-14,Beauty,Item_B,3149.83,8,South
1501,388,2024-05-15,Electronics,Item_A,3928.48,8,South
1502,391,2024-05-16,Beauty,Item_A,2933.66,1,North
1503,390,2024-05-17,Beauty,Item_C,820.12,2,West
1504,268,2024-05-18,Home,Item_D,4074.51,8,West
1505,221,2024-05-19,Electronics,Item_B,3216.18,1,North
1506,292,2024-05-20,Home,Item_A,2002.01,8,North
1507,394,2024-05-21,Electronics,Item_B,3403.24,8,East
1508,275,2024-05-22,Clothing,Item_D,1373.53,2,East
1509,353,2024-05-23,Electronics,Item_D,1791.44,4,East
1510,343,2024-05-24,Home,Item_E,4595.68,6,South
1511,378,2024-05-25,Beauty,Item_D,1523.47,9,East
1512,285,2024-05-26,Electronics,Item_C,2402.94,8,West
1513,384,2024-05-27,Electronics,Item_A,4461.69,8,South
1514,228,2024-05-28,Groceries,Item_E,3567.83,7,East
1515,268,2024-05-29,Beauty,Item_C,404.8,9,South
1516,246,2024-05-30,Clothing,Item_B,821.78,2,West
1517,293,2024-05-31,Home,Item_A,138.42,3,East
1518,389,2024-06-01,Clothing,Item_D,3191.52,8,West
1519,396,2024-06-02,Beauty,Item_A,2293.6,6,West
1520,343,2024-06-03,Electronics,Item_B,757.95,9,West
1521,375,2024-06-04,Electronics,Item_E,4793.88,4,East
1522,284,2024-06-05,Beauty,Item_E,2695.33,8,North
1523,238,2024-06-06,Electronics,Item_E,1285.28,3,East
1524,299,2024-06-07,Electronics,Item_D,2552.96,3,West
1525,232,2024-06-08,Electronics,Item_C,3430.14,8,East
1526,300,2024-06-09,Home,Item_C,473.57,5,West
1527,222,2024-06-10,Home,Item_A,1446.05,3,North
1528,209,2024-06-11,Groceries,Item_D,4054.13,1,South
1529,268,2024-06-12,Clothing,Item_E,2352.36,3,North
1530,299,2024-06-13,Beauty,Item_E,2778.23,9,North
1531,233,2024-06-14,Beauty,Item_B,2220.8,5,South
1532,379,2024-06-15,Beauty,Item_B,315.11,2,East
1533,337,2024-06-16,Groceries,Item_E,912.17,7,South
1534,346,2024-06-17,Home,Item_E,2283.15,2,East
1535,385,2024-06-18,Groceries,Item_D,1125.01,4,East
1536,295,2024-06-19,Beauty,Item_C,344.9,7,West
1537,200,2024-06-20,Clothing,Item_B,4233.88,4,West
1538,268,2024-06-21,Electronics,Item_C,4907.84,7,South
1539,203,2024-06-22,Home,Item_D,3986.4,7,North
1540,215,2024-06-23,Home,Item_E,4283.55,1,South
1541,223,2024-06-24,Groceries,Item_C,1285.69,6,East
1542,279,2024-06-25,Home,Item_E,4807.07,9,West
1543,201,2024-06-26,Beauty,Item_E,1064.94,2,South
1544,327,2024-06-27,Beauty,Item_A,4762.01,3,South
1545,359,2024-06-28,Groceries,Item_C,4974.61,5,West
1546,283,2024-06-29,Beauty,Item_C,3587.44,9,West
1547,351,2024-06-30,Clothing,Item_E,4907.6,4,West
1548,339,2024-07-01,Groceries,Item_D,2890.74,1,East
1549,377,2024-07-02,Clothing,Item_A,1371.75,4,West
1550,362,2024-07-03,Electronics,Item_E,2241.28,6,North
1551,323,2024-07-04,Clothing,Item_B,3008.45,5,South
1552,232,2024-07-05,Electronics,Item_B,458.1,1,West
1553,360,2024-07-06,Electronics,Item_A,3149.48,4,West
1554,388,2024-07-07,Clothing,Item_D,4907.77,6,East
1555,378,2024-07-08,Groceries,Item_E,1031.53,4,East
1556,370,2024-07-09,Beauty,Item_C,3983.72,9,South
1557,300,2024-07-10,Beauty,Item_A,4548.7,5,North
1558,211,2024-07-11,Electronics,Item_D,4724.14,8,South
1559,266,2024-07-12,Electronics,Item_C,4804.66,9,West
1560,264,2024-07-13,Groceries,Item_B,2655.15,5,North
1561,360,2024-07-14,Home,Item_B,4888.81,6,North
1562,367,2024-07-15,Clothing,Item_C,3810.82,1,North
1563,273,2024-07-16,Electronics,Item_A,892.19,7,North
1564,242,2024-07-17,Beauty,Item_B,2436.81,4,South
1565,243,2024-07-18,Groceries,Item_E,3619.82,2,East
1566,228,2024-07-19,Clothing,Item_C,1311.97,5,East
1567,340,2024-07-20,Groceries,Item_C,3239.01,3,West
1568,211,2024-07-21,Clothing,Item_B,3366.34,6,East
1569,294,2024-07-22,Clothing,Item_A,897.23,8,East
1570,245,2024-07-23,Electronics,Item_E,2868.92,7,East
1571,329,2024-07-24,Groceries,Item_A,3880.97,3,East
1572,234,2024-07-25,Groceries,Item_D,2544.59,8,West
1573,280,2024-07-26,Beauty,Item_D,159.31,2,South
1574,289,2024-07-27,Beauty,Item_B,144.29,9,North
1575,207,2024-07-28,Electronics,Item_B,1849.44,4,East
1576,292,2024-07-29,Electronics,Item_B,4638.35,1,South
1577,353,2024-07-30,Home,Item_D,1220.52,8,East
1578,289,2024-07-31,Beauty,Item_A,3208.38,7,East
1579,361,2024-08-01,Clothing,Item_A,1188.17,5,North
1580,314,2024-08-02,Groceries,Item_B,1676.18,5,North
1581,304,2024-08-03,Electronics,Item_E,4255.41,7,North
1582,334,2024-08-04,Groceries,Item_A,3671.42,5,East
1583,395,2024-08-05,Groceries,Item_D,567.46,8,East
1584,257,2024-08-06,Home,Item_C,2200.64,6,East
1585,313,2024-08-07,Beauty,Item_C,242.93,5,North
1586,274,2024-08-08,Electronics,Item_C,2456.36,9,West
1587,356,2024-08-09,Groceries,Item_E,3345.93,2,South
1588,319,2024-08-10,Electronics,Item_B,680.66,1,West
1589,363,2024-08-11,Clothing,Item_D,1515.54,8,East
1590,220,2024-08-12,Home,Item_E,2049.4,3,East
1591,363,2024-08-13,Clothing,Item_D,4605.7,7,West
1592,337,2024-08-14,Electronics,Item_D,4966.95,8,East
1593,300,2024-08-15,Electronics,Item_B,320.07,6,South
1594,351,2024-08-16,Beauty,Item_C,3828.94,9,East
1595,391,2024-08-17,Groceries,Item_B,1921.45,7,South
1596,376,2024-08-18,Groceries,Item_E,2023.05,5,West
1597,298,2024-08-19,Clothing,Item_E,3795.9,8,West
1598,235,2024-08-20,Home,Item_E,4600.29,2,East
1599,295,2024-08-21,Groceries,Item_B,4759.55,7,South
1600,351,2024-08-22,Beauty,Item_D,2927.9,4,East
1601,350,2024-08-23,Clothing,Item_D,1849.89,9,North
1602,389,2024-08-24,Clothing,Item_A,3958.99,1,North
1603,236,2024-08-25,Beauty,Item_E,1329.91,7,North
1604,211,2024-08-26,Home,Item_D,2863.96,6,North
1605,312,2024-08-27,Beauty,Item_A,1857.03,8,East
1606,382,2024-08-28,Home,Item_D,3317.49,5,North
1607,212,2024-08-29,Beauty,Item_E,1277.95,1,South
1608,222,2024-08-30,Beauty,Item_C,1038.81,1,West
1609,298,2024-08-31,Electronics,Item_E,4599.37,9,West
1610,304,2024-09-01,Clothing,Item_B,598.84,6,North
1611,229,2024-09-02,Beauty,Item_D,2579.19,5,North
1612,216,2024-09-03,Beauty,Item_D,1182.18,1,North
1613,312,2024-09-04,Groceries,Item_B,290.76,6,East
1614,261,2024-09-05,Clothing,Item_B,276.49,6,West
1615,283,2024-09-06,Groceries,Item_C,958.59,3,North
1616,311,2024-09-07,Clothing,Item_D,4347.17,8,South
1617,285,2024-09-08,Groceries,Item_D,1484.15,1,North
1618,340,2024-09-09,Beauty,Item_C,4757.25,1,West
1619,386,2024-09-10,Beauty,Item_A,2949.95,6,North
1620,218,2024-09-11,Electronics,Item_C,2239.41,1,West
1621,376,2024-09-12,Groceries,Item_E,2942.44,6,North
1622,299,2024-09-13,Home,Item_D,2631.82,1,South
1623,339,2024-09-14,Electronics,Item_B,3818.0,6,North
1624,388,2024-09-15,Groceries,Item_E,1484.23,3,South
1625,346,2024-09-16,Groceries,Item_D,1829.95,8,South
1626,275,2024-09-17,Electronics,Item_C,4481.06,6,North
1627,208,2024-09-18,Beauty,Item_E,4737.64,1,South
1628,398,2024-09-19,Groceries,Item_D,4473.54,5,East
1629,227,2024-09-20,Beauty,Item_A,2155.3,8,North
1630,327,2024-09-21,Electronics,Item_A,3923.79,3,North
1631,251,2024-09-22,Beauty,Item_B,2434.05,6,South
1632,282,2024-09-23,Clothing,Item_D,2537.95,5,South
1633,310,2024-09-24,Home,Item_A,1102.93,6,North
1634,343,2024-09-25,Groceries,Item_C,2996.54,1,East
1635,316,2024-09-26,Home,Item_D,1012.07,7,South
1636,268,2024-09-27,Beauty,Item_C,1724.67,9,South
1637,298,2024-09-28,Groceries,Item_C,4289.65,2,West
1638,339,2024-09-29,Beauty,Item_A,1114.67,5,East
1639,224,2024-09-30,Clothing,Item_D,448.68,4,East
1640,379,2024-10-01,Electronics,Item_E,438.14,6,North
1641,322,2024-10-02,Groceries,Item_A,4709.84,6,East
1642,252,2024-10-03,Clothing,Item_A,2583.91,2,North
1643,350,2024-10-04,Clothing,Item_D,2106.12,2,West
1644,343,2024-10-05,Groceries,Item_D,4073.31,4,East
1645,256,2024-10-06,Beauty,Item_C,4195.55,1,South
1646,238,2024-10-07,Clothing,Item_D,1727.74,9,West
1647,308,2024-10-08,Home,Item_C,3498.73,7,North
1648,380,2024-10-09,Clothing,Item_A,3878.5,7,West
1649,241,2024-10-10,Beauty,Item_B,3307.79,3,North
1650,385,2024-10-11,Beauty,Item_E,842.82,3,West
1651,366,2024-10-12,Home,Item_A,4391.83,1,North
1652,341,2024-10-13,Clothing,Item_D,2741.56,3,East
1653,321,2024-10-14,Beauty,Item_E,1484.11,3,South
1654,332,2024-10-15,Groceries,Item_B,2183.62,4,North
1655,362,2024-10-16,Electronics,Item_B,284.1,4,West
1656,274,2024-10-17,Electronics,Item_C,726.55,3,North
1657,345,2024-10-18,Electronics,Item_E,3851.18,8,North
1658,275,2024-10-19,Clothing,Item_C,100.06,8,North
1659,208,2024-10-20,Home,Item_A,2141.17,1,West
1660,273,2024-10-21,Beauty,Item_E,2660.3,7,South
1661,385,2024-10-22,Groceries,Item_A,367.71,2,East
1662,344,2024-10-23,Groceries,Item_C,4868.08,1,South
1663,206,2024-10-24,Clothing,Item_E,1208.01,3,North
1664,373,2024-10-25,Electronics,Item_C,1590.57,4,West
1665,340,2024-10-26,Clothing,Item_E,1589.32,6,South
1666,367,2024-10-27,Home,Item_C,1229.04,5,North
1667,369,2024-10-28,Home,Item_B,107.22,4,East
1668,336,2024-10-29,Beauty,Item_C,3673.79,8,East
1669,377,2024-10-30,Beauty,Item_B,4837.54,4,East
1670,226,2024-10-31,Home,Item_C,1199.04,2,North
1671,321,2024-11-01,Home,Item_E,3348.93,3,West
1672,393,2024-11-02,Home,Item_E,3735.29,6,South
1673,204,2024-11-03,Clothing,Item_E,4257.28,8,East
1674,228,2024-11-04,Home,Item_D,2170.88,8,North
1675,364,2024-11-05,Groceries,Item_A,1584.36,9,North
1676,365,2024-11-06,Electronics,Item_E,1693.95,7,South
1677,282,2024-11-07,Home,Item_B,3591.84,2,East
1678,335,2024-11-08,Electronics,Item_E,4102.22,8,North
1679,308,2024-11-09,Clothing,Item_D,989.91,7,South
1680,264,2024-11-10,Electronics,Item_B,1917.61,8,West
1681,285,2024-11-11,Clothing,Item_D,4519.51,3,West
1682,344,2024-11-12,Groceries,Item_B,4052.8,7,West
1683,270,2024-11-13,Clothing,Item_C,4925.81,9,East
1684,244,2024-11-14,Clothing,Item_A,3795.82,3,South
1685,331,2024-11-15,Beauty,Item_A,2026.66,6,South
1686,235,2024-11-16,Home,Item_D,2994.13,2,North
1687,269,2024-11-17,Home,Item_A,3338.97,2,North
1688,358,2024-11-18,Groceries,Item_D,484.43,5,North
1689,218,2024-11-19,Groceries,Item_D,2768.04,5,South
1690,388,2024-11-20,Home,Item_D,3575.67,7,North
1691,307,2024-11-21,Beauty,Item_A,919.87,2,South
1692,381,2024-11-22,Home,Item_D,3925.1,7,South
1693,366,2024-11-23,Beauty,Item_A,2960.49,5,West
1694,290,2024-11-24,Groceries,Item_D,4765.89,6,North
1695,289,2024-11-25,Electronics,Item_E,307.87,8,West
1696,218,2024-11-26,Groceries,Item_D,1400.1,4,East
1697,238,2024-11-27,Groceries,Item_B,3047.61,7,East
1698,325,2024-11-28,Clothing,Item_D,1553.14,6,East
1699,394,2024-11-29,Clothing,Item_C,3600.68,2,South
1700,372,2024-11-30,Clothing,Item_D,3819.13,8,South
1701,340,2024-12-01,Clothing,Item_B,602.33,9,South
1702,325,2024-12-02,Beauty,Item_B,2617.89,5,North
1703,257,2024-12-03,Home,Item_A,2593.56,4,West
1704,347,2024-12-04,Electronics,Item_E,1909.48,6,South
1705,399,2024-12-05,Groceries,Item_D,4671.33,8,West
1706,260,2024-12-06,Beauty,Item_A,4154.78,3,West
1707,326,2024-12-07,Electronics,Item_E,3516.33,1,West
1708,304,2024-12-08,Beauty,Item_D,3600.2,4,North
1709,366,2024-12-09,Beauty,Item_C,2362.41,4,North
1710,200,2024-12-10,Groceries,Item_D,4612.87,1,East
1711,330,2024-12-11,Home,Item_B,3503.52,9,East
1712,291,2024-12-12,Clothing,Item_B,3672.01,3,West
1713,389,2024-12-13,Home,Item_C,4322.29,5,East
1714,390,2024-12-14,Groceries,Item_A,1442.95,6,West
1715,312,2024-12-15,Groceries,Item_E,4054.65,8,North
1716,352,2024-12-16,Groceries,Item_D,1056.68,6,North
1717,255,2024-12-17,Electronics,Item_B,1792.18,3,North
1718,360,2024-12-18,Home,Item_A,1744.49,6,South
1719,365,2024-12-19,Home,Item_C,4894.77,1,West
1720,316,2024-12-20,Beauty,Item_B,4297.03,4,North
1721,333,2024-12-21,Beauty,Item_C,3535.73,6,West
1722,257,2024-12-22,Beauty,Item_D,3662.58,7,East
1723,243,2024-12-23,Groceries,Item_E,2854.16,3,East
1724,372,2024-12-24,Home,Item_B,4740.74,9,North
1725,359,2024-12-25,Groceries,Item_B,2531.67,7,West
1726,372,2024-12-26,Electronics,Item_D,1964.54,1,North
1727,260,2024-12-27,Beauty,Item_A,898.87,2,East
1728,246,2024-12-28,Groceries,Item_E,3952.41,1,North
1729,348,2024-12-29,Groceries,Item_B,3698.78,9,West
1730,279,2024-12-30,Electronics,Item_E,1983.34,9,East
1731,317,2024-12-31,Clothing,Item_B,223.45,7,South
1732,363,2025-01-01,Home,Item_E,4211.09,3,East
1733,346,2025-01-02,Clothing,Item_C,155.95,5,South
1734,219,2025-01-03,Beauty,Item_B,3548.13,4,North
1735,384,2025-01-04,Groceries,Item_E,4854.26,7,North
1736,345,2025-01-05,Electronics,Item_A,2244.54,9,West
1737,246,2025-01-06,Electronics,Item_C,1251.37,2,South
1738,248,2025-01-07,Home,Item_C,3553.87,8,North
1739,213,2025-01-08,Clothing,Item_A,4103.93,9,South
1740,342,2025-01-09,Home,Item_E,2777.51,9,North
1741,358,2025-01-10,Groceries,Item_D,4838.47,7,East
1742,200,2025-01-11,Home,Item_A,353.18,9,North
1743,316,2025-01-12,Electronics,Item_E,2573.5,9,West
1744,253,2025-01-13,Electronics,Item_A,3620.42,3,East
1745,317,2025-01-14,Beauty,Item_A,4326.94,4,West
1746,202,2025-01-15,Beauty,Item_B,978.35,2,East
1747,343,2025-01-16,Groceries,Item_E,4020.02,3,South
1748,384,2025-01-17,Clothing,Item_D,2808.26,5,West
1749,211,2025-01-18,Home,Item_B,2043.11,5,North
1750,273,2025-01-19,Groceries,Item_A,745.4,6,South
1751,215,2025-01-20,Beauty,Item_A,4339.95,7,North
1752,399,2025-01-21,Home,Item_A,870.64,7,East
1753,301,2025-01-22,Beauty,Item_E,1617.96,1,East
1754,351,2025-01-23,Home,Item_E,1521.22,2,North
1755,355,2025-01-24,Clothing,Item_B,4369.93,9,North
1756,316,2025-01-25,Groceries,Item_D,3396.24,2,South
1757,207,2025-01-26,Home,Item_B,4003.74,6,North
1758,321,2025-01-27,Electronics,Item_C,1327.29,1,West
1759,291,2025-01-28,Electronics,Item_A,3161.88,3,West
1760,363,2025-01-29,Home,Item_A,2901.56,2,North
1761,289,2025-01-30,Home,Item_A,4180.87,3,West
1762,335,2025-01-31,Home,Item_B,4539.83,5,North
1763,385,2025-02-01,Electronics,Item_B,159.57,6,South
1764,259,2025-02-02,Electronics,Item_A,3402.7,9,West
1765,377,2025-02-03,Home,Item_B,354.0,4,West
1766,227,2025-02-04,Beauty,Item_E,2789.41,7,North
1767,300,2025-02-05,Beauty,Item_E,1509.4,6,West
1768,240,2025-02-06,Clothing,Item_B,1603.21,2,East
1769,391,2025-02-07,Groceries,Item_A,1829.5,8,South
1770,354,2025-02-08,Beauty,Item_B,3144.33,7,South
1771,390,2025-02-09,Electronics,Item_B,1736.84,7,West
1772,344,2025-02-10,Beauty,Item_B,3690.23,8,West
1773,360,2025-02-11,Clothing,Item_C,2082.18,1,East
1774,356,2025-02-12,Clothing,Item_E,434.93,1,East
1775,340,2025-02-13,Groceries,Item_D,3940.42,8,West
1776,245,2025-02-14,Beauty,Item_D,1500.22,4,West
1777,234,2025-02-15,Electronics,Item_C,2220.56,5,East
1778,333,2025-02-16,Electronics,Item_B,3458.68,8,North
1779,281,2025-02-17,Home,Item_C,1729.04,5,East
1780,314,2025-02-18,Electronics,Item_C,377.27,4,North
1781,396,2025-02-19,Groceries,Item_A,1932.21,6,South
1782,246,2025-02-20,Groceries,Item_E,4727.8,5,South
1783,352,2025-02-21,Electronics,Item_D,3244.5,7,East
1784,393,2025-02-22,Electronics,Item_B,3390.25,7,North
1785,209,2025-02-23,Home,Item_D,3198.18,4,East
1786,255,2025-02-24,Electronics,Item_D,1075.06,5,East
1787,229,2025-02-25,Home,Item_E,2149.84,3,North
1788,308,2025-02-26,Home,Item_D,3779.61,4,East
1789,204,2025-02-27,Electronics,Item_D,596.73,4,South
1790,318,2025-02-28,Clothing,Item_C,1461.48,3,West
1791,232,2025-03-01,Clothing,Item_E,1453.96,5,West
1792,317,2025-03-02,Home,Item_A,2216.89,5,East
1793,264,2025-03-03,Electronics,Item_B,4903.81,7,North
1794,345,2025-03-04,Clothing,Item_D,430.76,4,North
1795,376,2025-03-05,Electronics,Item_B,2641.63,4,South
1796,210,2025-03-06,Electronics,Item_A,978.89,9,North
1797,284,2025-03-07,Electronics,Item_B,4856.32,6,North
1798,225,2025-03-08,Beauty,Item_A,655.19,4,South
1799,262,2025-03-09,Electronics,Item_C,2077.64,2,East
1800,285,2025-03-10,Beauty,Item_D,3715.64,6,West
1801,258,2025-03-11,Home,Item_A,3552.32,2,South
1802,226,2025-03-12,Clothing,Item_B,2171.37,5,East
1803,376,2025-03-13,Clothing,Item_D,1797.97,6,South
1804,360,2025-03-14,Clothing,Item_C,2048.3,4,East
1805,297,2025-03-15,Clothing,Item_D,1394.95,3,South
1806,304,2025-03-16,Clothing,Item_A,1106.13,7,East
1807,298,2025-03-17,Clothing,Item_C,2466.89,2,South
1808,328,2025-03-18,Clothing,Item_B,1415.82,6,East
1809,348,2025-03-19,Home,Item_C,1508.56,4,South
1810,254,2025-03-20,Electronics,Item_C,3318.1,6,West
1811,205,2025-03-21,Groceries,Item_E,4845.83,4,West
1812,396,2025-03-22,Beauty,Item_C,3057.82,4,North
1813,294,2025-03-23,Groceries,Item_C,477.2,4,East
1814,332,2025-03-24,Groceries,Item_D,470.36,9,South
1815,301,2025-03-25,Electronics,Item_B,4761.97,7,East
1816,202,2025-03-26,Electronics,Item_D,1556.72,3,West
1817,380,2025-03-27,Electronics,Item_D,551.13,3,East
1818,222,2025-03-28,Clothing,Item_A,3035.32,6,South
1819,252,2025-03-29,Home,Item_D,3155.88,6,East
1820,364,2025-03-30,Clothing,Item_E,3277.67,4,South
1821,282,2025-03-31,Home,Item_E,1410.27,9,West
1822,344,2025-04-01,Home,Item_A,174.04,4,West
1823,284,2025-04-02,Groceries,Item_B,4828.58,9,West
1824,277,2025-04-03,Groceries,Item_B,1329.38,4,North
1825,309,2025-04-04,Home,Item_D,3412.53,2,West
1826,200,2025-04-05,Home,Item_D,3562.49,2,East
1827,250,2025-04-06,Clothing,Item_D,3089.04,5,North
1828,372,2025-04-07,Clothing,Item_B,1633.25,4,West
1829,203,2025-04-08,Groceries,Item_C,1428.37,7,East
1830,389,2025-04-09,Electronics,Item_E,3028.57,5,East
1831,392,2025-04-10,Home,Item_C,4343.87,6,East
1832,312,2025-04-11,Clothing,Item_C,4739.0,4,South
1833,231,2025-04-12,Groceries,Item_B,618.94,2,North
1834,233,2025-04-13,Clothing,Item_C,858.66,9,East
1835,291,2025-04-14,Home,Item_A,4729.21,7,South
1836,294,2025-04-15,Home,Item_D,3709.02,4,West
1837,271,2025-04-16,Beauty,Item_A,4426.67,3,East
1838,238,2025-04-17,Electronics,Item_E,1092.9,3,South
1839,353,2025-04-18,Beauty,Item_D,2979.17,9,East
1840,361,2025-04-19,Groceries,Item_C,3535.58,5,North
1841,381,2025-04-20,Clothing,Item_E,3432.55,3,North
1842,317,2025-04-21,Groceries,Item_D,2099.94,5,West
1843,202,2025-04-22,Home,Item_C,175.43,2,East
1844,322,2025-04-23,Beauty,Item_A,2956.34,4,South
1845,249,2025-04-24,Beauty,Item_D,1340.2,2,West
1846,211,2025-04-25,Beauty,Item_C,2306.25,2,East
1847,392,2025-04-26,Groceries,Item_A,4792.15,8,West
1848,253,2025-04-27,Home,Item_E,2055.27,1,South
1849,332,2025-04-28,Clothing,Item_E,4215.03,7,West
1850,256,2025-04-29,Clothing,Item_E,1023.85,5,West
1851,344,2025-04-30,Groceries,Item_E,3395.06,8,West
1852,311,2025-05-01,Beauty,Item_B,4887.33,1,East
1853,246,2025-05-02,Electronics,Item_D,599.28,7,South
1854,350,2025-05-03,Groceries,Item_D,140.77,5,North
1855,284,2025-05-04,Groceries,Item_B,2224.56,4,East
1856,341,2025-05-05,Home,Item_C,553.86,7,North
1857,265,2025-05-06,Clothing,Item_C,3767.08,2,North
1858,274,2025-05-07,Groceries,Item_E,4581.29,1,East
1859,378,2025-05-08,Groceries,Item_A,2226.7,1,East
1860,302,2025-05-09,Beauty,Item_C,1367.69,1,South
1861,365,2025-05-10,Beauty,Item_A,2228.58,5,South
1862,391,2025-05-11,Electronics,Item_D,3644.89,7,West
1863,237,2025-05-12,Home,Item_A,144.37,2,North
1864,249,2025-05-13,Electronics,Item_D,2988.32,8,South
1865,297,2025-05-14,Beauty,Item_B,3105.13,4,West
1866,281,2025-05-15,Clothing,Item_B,3224.67,3,South
1867,229,2025-05-16,Beauty,Item_E,1285.91,8,East
1868,278,2025-05-17,Home,Item_C,3598.86,2,South
1869,290,2025-05-18,Beauty,Item_E,547.82,3,North
1870,378,2025-05-19,Home,Item_D,1076.42,3,South
1871,390,2025-05-20,Home,Item_E,4399.6,1,North
1872,251,2025-05-21,Home,Item_A,3719.74,6,East
1873,365,2025-05-22,Home,Item_D,167.35,2,North
1874,278,2025-05-23,Home,Item_B,1317.04,1,South
1875,229,2025-05-24,Clothing,Item_C,1150.59,2,West
1876,305,2025-05-25,Electronics,Item_D,1426.95,6,East
1877,250,2025-05-26,Groceries,Item_D,1313.04,4,South
1878,280,2025-05-27,Electronics,Item_A,406.38,6,East
1879,332,2025-05-28,Home,Item_C,2348.81,9,East
1880,228,2025-05-29,Clothing,Item_B,3690.39,8,South
1881,331,2025-05-30,Beauty,Item_D,3072.99,1,South
1882,337,2025-05-31,Clothing,Item_D,3397.07,8,West
1883,383,2025-06-01,Home,Item_A,497.63,9,East
1884,344,2025-06-02,Clothing,Item_E,4762.3,6,East
1885,273,2025-06-03,Clothing,Item_B,4208.61,5,South
1886,216,2025-06-04,Home,Item_C,4044.94,6,North
1887,283,2025-06-05,Clothing,Item_D,4132.62,6,South
1888,268,2025-06-06,Groceries,Item_D,4670.28,9,East
1889,233,2025-06-07,Groceries,Item_B,2766.84,4,South
1890,205,2025-06-08,Clothing,Item_E,1081.38,2,West
1891,252,2025-06-09,Beauty,Item_D,3122.24,9,North
1892,393,2025-06-10,Home,Item_B,3740.12,2,South
1893,325,2025-06-11,Groceries,Item_A,3715.8,9,West
1894,242,2025-06-12,Beauty,Item_E,2655.1,2,East
1895,314,2025-06-13,Clothing,Item_C,435.45,8,South
1896,310,2025-06-14,Beauty,Item_D,1918.45,9,East
1897,350,2025-06-15,Electronics,Item_B,4611.76,9,West
1898,382,2025-06-16,Groceries,Item_A,2963.8,9,East
1899,279,2025-06-17,Clothing,Item_C,2737.83,2,West
1900,294,2025-06-18,Home,Item_B,1417.38,4,West
1901,317,2025-06-19,Clothing,Item_B,1905.4,7,West
1902,343,2025-06-20,Home,Item_C,4487.2,2,South
1903,207,2025-06-21,Clothing,Item_A,3365.67,1,East
1904,331,2025-06-22,Beauty,Item_A,3958.2,3,East
1905,303,2025-06-23,Beauty,Item_E,2326.29,4,North
1906,331,2025-06-24,Beauty,Item_D,3188.21,8,North
1907,383,2025-06-25,Electronics,Item_C,1317.08,6,North
1908,224,2025-06-26,Home,Item_C,3556.76,2,North
1909,394,2025-06-27,Beauty,Item_C,2195.25,9,East
1910,295,2025-06-28,Electronics,Item_A,2268.47,2,West
1911,394,2025-06-29,Home,Item_D,3281.68,5,West
1912,354,2025-06-30,Clothing,Item_E,4687.78,4,South
1913,292,2025-07-01,Electronics,Item_B,413.63,7,West
1914,359,2025-07-02,Groceries,Item_B,4141.24,8,East
1915,377,2025-07-03,Electronics,Item_C,1532.68,5,East
1916,260,2025-07-04,Electronics,Item_D,2275.21,5,East
1917,321,2025-07-05,Home,Item_A,207.38,2,South
1918,250,2025-07-06,Clothing,Item_D,1575.13,8,North
1919,346,2025-07-07,Groceries,Item_D,2562.89,2,West
1920,220,2025-07-08,Beauty,Item_A,375.26,6,East
1921,204,2025-07-09,Beauty,Item_C,2506.37,8,East
1922,291,2025-07-10,Electronics,Item_D,4642.84,6,North
1923,369,2025-07-11,Home,Item_B,616.43,4,East
1924,260,2025-07-12,Home,Item_A,3845.76,4,West
1925,221,2025-07-13,Beauty,Item_E,2107.39,6,South
1926,348,2025-07-14,Groceries,Item_C,3310.35,4,East
1927,269,2025-07-15,Clothing,Item_A,1375.16,8,West
1928,200,2025-07-16,Groceries,Item_E,881.51,9,East
1929,332,2025-07-17,Clothing,Item_E,886.27,1,North
1930,211,2025-07-18,Beauty,Item_D,445.41,4,East
1931,289,2025-07-19,Clothing,Item_D,1009.67,4,East
1932,245,2025-07-20,Home,Item_D,3354.67,2,South
1933,233,2025-07-21,Electronics,Item_A,4420.28,6,North
1934,376,2025-07-22,Electronics,Item_A,4089.22,3,North
1935,277,2025-07-23,Beauty,Item_C,3457.16,7,South
1936,244,2025-07-24,Home,Item_D,641.12,5,East
1937,354,2025-07-25,Groceries,Item_E,1517.02,4,West
1938,272,2025-07-26,Home,Item_B,1618.05,5,North
1939,225,2025-07-27,Electronics,Item_C,1324.79,8,North
1940,246,2025-07-28,Electronics,Item_A,2623.53,3,East
1941,320,2025-07-29,Home,Item_C,2724.21,7,East
1942,255,2025-07-30,Home,Item_C,1848.74,6,North
1943,293,2025-07-31,Electronics,Item_C,1833.57,1,East
1944,306,2025-08-01,Groceries,Item_C,4159.92,7,West
1945,262,2025-08-02,Beauty,Item_B,3967.53,7,North
1946,247,2025-08-03,Beauty,Item_D,1608.2,1,West
1947,260,2025-08-04,Home,Item_E,4577.56,9,West
1948,280,2025-08-05,Beauty,Item_C,4768.79,6,East
1949,225,2025-08-06,Electronics,Item_C,1701.04,2,West
1950,235,2025-08-07,Electronics,Item_C,1836.68,5,East
1951,200,2025-08-08,Home,Item_D,2577.61,4,South
1952,207,2025-08-09,Home,Item_A,4711.49,7,East
1953,312,2025-08-10,Home,Item_A,4393.97,8,West
1954,298,2025-08-11,Groceries,Item_B,602.58,1,South
1955,379,2025-08-12,Beauty,Item_A,2024.38,5,East
1956,246,2025-08-13,Home,Item_C,2811.52,3,West
1957,326,2025-08-14,Clothing,Item_C,2565.35,1,North
1958,255,2025-08-15,Clothing,Item_C,1049.93,3,North
1959,213,2025-08-16,Electronics,Item_B,4308.2,6,East
1960,227,2025-08-17,Beauty,Item_C,3417.01,7,East
1961,277,2025-08-18,Home,Item_A,4205.75,8,North
1962,329,2025-08-19,Clothing,Item_D,4307.94,4,West
1963,308,2025-08-20,Beauty,Item_D,3766.94,3,West
1964,353,2025-08-21,Electronics,Item_E,2252.13,5,West
1965,213,2025-08-22,Groceries,Item_A,3091.68,9,East
1966,386,2025-08-23,Beauty,Item_C,885.79,6,South
1967,255,2025-08-24,Beauty,Item_D,3400.86,9,South
1968,314,2025-08-25,Groceries,Item_A,978.34,6,South
1969,206,2025-08-26,Beauty,Item_D,3500.35,2,South
1970,202,2025-08-27,Electronics,Item_C,1225.03,5,South
1971,310,2025-08-28,Electronics,Item_D,676.0,9,East
1972,350,2025-08-29,Groceries,Item_E,909.89,8,East
1973,306,2025-08-30,Home,Item_E,109.76,7,South
1974,217,2025-08-31,Clothing,Item_D,3621.82,1,East
1975,237,2025-09-01,Home,Item_A,3688.77,4,East
1976,314,2025-09-02,Beauty,Item_A,2623.17,7,South
1977,214,2025-09-03,Clothing,Item_A,890.68,7,West
1978,391,2025-09-04,Groceries,Item_D,509.42,6,East
1979,318,2025-09-05,Groceries,Item_A,193.73,8,West
1980,227,2025-09-06,Clothing,Item_C,912.17,6,East
1981,238,2025-09-07,Electronics,Item_E,4465.19,3,East
1982,384,2025-09-08,Clothing,Item_C,1283.53,4,South
1983,216,2025-09-09,Beauty,Item_A,1835.93,3,East
1984,285,2025-09-10,Electronics,Item_C,616.19,1,North
1985,325,2025-09-11,Groceries,Item_A,1189.57,5,North
1986,243,2025-09-12,Clothing,Item_D,2644.2,1,South
1987,224,2025-09-13,Home,Item_C,3077.99,1,West
1988,344,2025-09-14,Home,Item_D,1302.23,2,West
1989,212,2025-09-15,Beauty,Item_D,382.89,4,West
1990,224,2025-09-16,Home,Item_B,2016.06,6,North
1991,267,2025-09-17,Clothing,Item_A,1247.6,8,West
1992,337,2025-09-18,Clothing,Item_E,1175.81,3,West
1993,266,2025-09-19,Home,Item_A,4803.33,1,South
1994,308,2025-09-20,Clothing,Item_E,3119.87,3,West
1995,345,2025-09-21,Beauty,Item_A,2828.7,3,North
1996,310,2025-09-22,Electronics,Item_D,2137.3,5,North
1997,310,2025-09-23,Beauty,Item_C,2201.83,4,North
1998,233,2025-09-24,Beauty,Item_C,2750.43,4,South
1999,310,2025-09-25,Clothing,Item_B,3512.51,9,South
2000,207,2025-09-26,Electronics,Item_E,3540.52,7,East
